Search Term,Monthly Search Volume,Keyword Difficulty,Competition Level,SEO Score,Ranking
smart home automation,49000,85,High,57.6,1
IoT product management,1200,65,Medium,73.8,2
smart device development,3500,75,High,63.3,3
connected hardware products,800,55,Medium,79.1,4
hardware startup validation,400,45,Low,86.7,5
smart product revenue models,350,40,Low,88.8,6
IoT business models,650,50,Medium,81.5,7
hardware business models,550,48,Medium,82.2,8
smart tangible products,220,35,Low,91.4,9
physical product management,900,55,Medium,77.3,10
digital interface design,2200,70,High,68.6,11
IoT user experience design,480,42,Low,85.7,12
smart product cybersecurity,380,44,Low,86.4,13
lean hardware development,320,38,Low,89.5,14
killer feature development,150,25,Low,95.0,15
hardware validation methods,280,36,Low,90.3,16
IoT monetization strategies,240,34,Low,92.1,17
smart product prototyping,420,41,Low,86.8,18
hardware competitive analysis,310,37,Low,89.7,19
product market fit hardware,190,28,Low,93.7,20
connected device testing,680,51,Medium,80.6,21
smart device go-to-market,170,26,Low,94.7,22
disruptive innovation hardware,140,24,Low,95.7,23
competitive advantage IoT,160,27,Low,94.4,24
smart product differentiation,130,23,Low,96.2,25
FOTA firmware updates,85,18,Low,98.1,26
over-the-air updates,1100,58,Medium,75.9,27
IoT device security,1800,68,High,69.4,28
smart product architecture,200,30,Low,93.0,29
hardware sensor integration,360,39,Low,88.5,30
connected device protocols,420,43,Low,85.8,31
touchscreen user experience,320,41,Low,87.8,32
smart device interfaces,480,45,Low,84.4,33
IoT user interaction,290,35,Low,90.0,34
connected product UX,180,29,Low,93.3,35
hardware startup economics,110,21,Low,97.3,36
IoT revenue streams,220,32,Low,92.7,37
smart product profitability,95,19,Low,98.5,38
connected device ROI,88,17,Low,98.8,39
hardware unit economics,75,16,Low,99.3,40
IoT subscription models,340,38,Low,89.2,41
industrial IoT applications,1500,62,Medium,72.6,42
healthcare connected devices,1200,60,Medium,75.0,43
manufacturing smart devices,680,52,Medium,80.2,44
wearable smart devices,2800,72,High,66.7,45
smart city infrastructure,900,56,Medium,76.8,46
smart building systems,750,53,Medium,79.2,47
environmental IoT sensors,420,44,Low,85.5,48
smart appliance development,280,36,Low,90.0,49
fitness connected devices,1400,61,Medium,73.8,50