Rank,Search Term,Monthly Search Volume,Keyword Difficulty,Competition Level,SEO Score,Notes
1,hardware unit economics,75,16,Low,99.3,"Excellent low competition term with targeted B2B appeal"
2,connected device ROI,88,17,Low,98.8,"Strong business-focused keyword with minimal competition"
3,smart product profitability,95,19,Low,98.5,"High-value business term for hardware companies"
4,FOTA firmware updates,85,18,Low,98.1,"Technical term with very low competition, growing importance"
5,hardware startup economics,110,21,Low,97.3,"Perfect for startup-focused content and resources"
6,smart product differentiation,130,23,Low,96.2,"Strategic term for competitive positioning content"
7,disruptive innovation hardware,140,24,Low,95.7,"Innovation-focused keyword with excellent potential"
8,smart device go-to-market,170,26,Low,94.7,"Go-to-market strategy keyword for hardware products"
9,competitive advantage IoT,160,27,Low,94.4,"Business strategy term with strong commercial intent"
10,product market fit hardware,190,28,Low,93.7,"Product management keyword with high business value"
11,connected product UX,180,29,Low,93.3,"User experience focus for connected devices"
12,smart product architecture,200,30,Low,93.0,"Technical architecture keyword for smart products"
13,IoT revenue streams,220,32,Low,92.7,"Business model keyword for IoT companies"
14,IoT monetization strategies,240,34,Low,92.1,"Revenue strategy term with strong B2B appeal"
15,smart tangible products,220,35,Low,91.4,"Core subject matter keyword, highly relevant to book"
16,hardware validation methods,280,36,Low,90.3,"Product development methodology keyword"
17,hardware competitive analysis,310,37,Low,89.7,"Strategic analysis term for hardware companies"
18,lean hardware development,320,38,Low,89.5,"Methodology keyword combining lean and hardware"
19,IoT subscription models,340,38,Low,89.2,"Business model keyword for recurring revenue"
20,smart appliance development,280,36,Low,90.0,"Product development term for smart appliances"
21,IoT user interaction,290,35,Low,90.0,"User experience keyword for IoT products"
22,smart product revenue models,350,40,Low,88.8,"Business model keyword for smart products"
23,hardware sensor integration,360,39,Low,88.5,"Technical integration keyword for hardware"
24,smart product cybersecurity,380,44,Low,86.4,"Security-focused keyword with growing importance"
25,smart product prototyping,420,41,Low,86.8,"Product development methodology for smart products"